-- Mock data generator for PostgreSQL (RBAC + CRM sample)
-- NOTE: Adjust enum values if your DB enums differ.
BEGIN;
CREATE EXTENSION IF NOT EXISTS pgcrypto;

-- Organization
INSERT INTO organizations (id, name, slug, display_name, status, is_active, owner_id, created_at, updated_at)
VALUES ('761b216c-504e-4729-a390-d6a62d37d565', 'Demo Org', 'demo-org', 'Demo Organization', 'active', true, '0a003a03-5aea-4195-a2a6-e11df7240247', NOW(), NOW());

-- Users
INSERT INTO users (id, email, password_hash, first_name, last_name, display_name, status, is_active, email_verified, created_at, updated_at) VALUES ('0a003a03-5aea-4195-a2a6-e11df7240247', 'user1@demo.local', 'bcrypt_dummy_hash', 'User1', 'Demo', 'User1 Demo', 'active', true, true, NOW(), NOW());
INSERT INTO users (id, email, password_hash, first_name, last_name, display_name, status, is_active, email_verified, created_at, updated_at) VALUES ('d6ea21cc-94ff-47d5-9d6b-1e8b0bf3d8a5', 'user2@demo.local', 'bcrypt_dummy_hash', 'User2', 'Demo', 'User2 Demo', 'active', true, true, NOW(), NOW());
INSERT INTO users (id, email, password_hash, first_name, last_name, display_name, status, is_active, email_verified, created_at, updated_at) VALUES ('61da8c82-5548-4806-ac8f-7a91ed328151', 'user3@demo.local', 'bcrypt_dummy_hash', 'User3', 'Demo', 'User3 Demo', 'active', true, true, NOW(), NOW());
INSERT INTO users (id, email, password_hash, first_name, last_name, display_name, status, is_active, email_verified, created_at, updated_at) VALUES ('efbcc110-4e0d-40d5-9af2-153b134cf673', 'user4@demo.local', 'bcrypt_dummy_hash', 'User4', 'Demo', 'User4 Demo', 'active', true, true, NOW(), NOW());
INSERT INTO users (id, email, password_hash, first_name, last_name, display_name, status, is_active, email_verified, created_at, updated_at) VALUES ('c6cf51fd-d4a3-4579-a1dd-556bb99096c1', 'user5@demo.local', 'bcrypt_dummy_hash', 'User5', 'Demo', 'User5 Demo', 'active', true, true, NOW(), NOW());

-- Teams
INSERT INTO teams (id, organization_id, name, code, team_type, is_active, created_at, updated_at) VALUES ('cb0e0480-41ef-492c-9b1b-241cb5826d51', '761b216c-504e-4729-a390-d6a62d37d565', 'Sales Team', 'sales', 'department', true, NOW(), NOW());
INSERT INTO teams (id, organization_id, name, code, team_type, is_active, created_at, updated_at) VALUES ('7daf8405-10c6-4a66-b6b3-4cb8ed548218', '761b216c-504e-4729-a390-d6a62d37d565', 'Finance Team', 'finance', 'department', true, NOW(), NOW());

-- Team membership (using team_members)
INSERT INTO team_members (id, team_id, user_id, role, is_active, joined_at, created_at, updated_at) VALUES ('287abf8a-e930-442d-949f-17db481de6a5', 'cb0e0480-41ef-492c-9b1b-241cb5826d51', '0a003a03-5aea-4195-a2a6-e11df7240247', 'member', true, NOW(), NOW(), NOW());
INSERT INTO team_members (id, team_id, user_id, role, is_active, joined_at, created_at, updated_at) VALUES ('88dd0ad5-5b53-4c2e-b514-40f5730bc8f0', 'cb0e0480-41ef-492c-9b1b-241cb5826d51', 'd6ea21cc-94ff-47d5-9d6b-1e8b0bf3d8a5', 'member', true, NOW(), NOW(), NOW());
INSERT INTO team_members (id, team_id, user_id, role, is_active, joined_at, created_at, updated_at) VALUES ('bcc0a2ea-0155-4f7a-96b9-bff6bc4998c8', 'cb0e0480-41ef-492c-9b1b-241cb5826d51', '61da8c82-5548-4806-ac8f-7a91ed328151', 'member', true, NOW(), NOW(), NOW());
INSERT INTO team_members (id, team_id, user_id, role, is_active, joined_at, created_at, updated_at) VALUES ('5cb4996e-fa40-47c3-8c7c-66fc1a3a12d4', 'cb0e0480-41ef-492c-9b1b-241cb5826d51', 'efbcc110-4e0d-40d5-9af2-153b134cf673', 'member', true, NOW(), NOW(), NOW());
INSERT INTO team_members (id, team_id, user_id, role, is_active, joined_at, created_at, updated_at) VALUES ('d62c7375-2ecc-4f8c-977b-96ed14e2c640', '7daf8405-10c6-4a66-b6b3-4cb8ed548218', 'c6cf51fd-d4a3-4579-a1dd-556bb99096c1', 'member', true, NOW(), NOW(), NOW());

-- Permissions (sample set)
INSERT INTO permissions (id, code, name, description, resource, action, module, category, is_active, created_at, updated_at) VALUES ('a51bc2fb-b41f-431d-a48f-ecca16a98b74', 'customer.read', 'Read Customers', 'customer.read permission', 'customer', 'read', 'crm', 'customers', true, NOW(), NOW());
INSERT INTO permissions (id, code, name, description, resource, action, module, category, is_active, created_at, updated_at) VALUES ('8541e12f-05fe-48d4-a51c-2d3be2a898f9', 'customer.create', 'Create Customers', 'customer.create permission', 'customer', 'create', 'crm', 'customers', true, NOW(), NOW());
INSERT INTO permissions (id, code, name, description, resource, action, module, category, is_active, created_at, updated_at) VALUES ('6103de98-827a-49a4-82e8-e71540d1151c', 'customer.update', 'Update Customers', 'customer.update permission', 'customer', 'update', 'crm', 'customers', true, NOW(), NOW());
INSERT INTO permissions (id, code, name, description, resource, action, module, category, is_active, created_at, updated_at) VALUES ('1dd6c22c-4744-4059-97a1-95a6d932ddc1', 'customer.delete', 'Delete Customers', 'customer.delete permission', 'customer', 'delete', 'crm', 'customers', true, NOW(), NOW());
INSERT INTO permissions (id, code, name, description, resource, action, module, category, is_active, created_at, updated_at) VALUES ('32c89cea-59d4-48e7-a3c2-ba6a65999f8d', 'invoice.read', 'Read Invoices', 'invoice.read permission', 'invoice', 'read', 'billing', 'invoices', true, NOW(), NOW());
INSERT INTO permissions (id, code, name, description, resource, action, module, category, is_active, created_at, updated_at) VALUES ('52b9caba-1c58-44bc-89d6-aa13af87008d', 'invoice.create', 'Create Invoices', 'invoice.create permission', 'invoice', 'create', 'billing', 'invoices', true, NOW(), NOW());
INSERT INTO permissions (id, code, name, description, resource, action, module, category, is_active, created_at, updated_at) VALUES ('8221c397-3c68-4327-8eaf-d551d721c2f0', 'invoice.update', 'Update Invoices', 'invoice.update permission', 'invoice', 'update', 'billing', 'invoices', true, NOW(), NOW());
INSERT INTO permissions (id, code, name, description, resource, action, module, category, is_active, created_at, updated_at) VALUES ('1e9f4ed4-39ed-4b79-9731-300ec90aeb6f', 'payment.read', 'Read Payments', 'payment.read permission', 'payment', 'read', 'billing', 'payments', true, NOW(), NOW());
INSERT INTO permissions (id, code, name, description, resource, action, module, category, is_active, created_at, updated_at) VALUES ('1c74f212-f660-48f5-9ce9-b42d62dfaa64', 'payment.create', 'Create Payments', 'payment.create permission', 'payment', 'create', 'billing', 'payments', true, NOW(), NOW());

-- Roles (system + custom)
INSERT INTO roles (id, organization_id, name, code, description, is_system, is_default, hierarchy_level, is_active, created_at, updated_at) VALUES ('81e7fca7-b074-4050-85d3-04aa6914272d', '761b216c-504e-4729-a390-d6a62d37d565', 'Owner', 'owner', 'Owner role', true, true, 100, true, NOW(), NOW());
INSERT INTO roles (id, organization_id, name, code, description, is_system, is_default, hierarchy_level, is_active, created_at, updated_at) VALUES ('5ff57eb2-21c8-44bb-87e7-3c10a9f541a4', '761b216c-504e-4729-a390-d6a62d37d565', 'Admin', 'admin', 'Admin role', true, false, 90, true, NOW(), NOW());
INSERT INTO roles (id, organization_id, name, code, description, is_system, is_default, hierarchy_level, is_active, created_at, updated_at) VALUES ('32a752f0-3394-457c-8beb-78d7678c7f6d', '761b216c-504e-4729-a390-d6a62d37d565', 'Sales Rep', 'sales_rep', 'Sales Rep role', false, false, 30, true, NOW(), NOW());
INSERT INTO roles (id, organization_id, name, code, description, is_system, is_default, hierarchy_level, is_active, created_at, updated_at) VALUES ('073c9ffe-746c-428c-a899-4535279d6e39', '761b216c-504e-4729-a390-d6a62d37d565', 'Finance', 'finance', 'Finance role', false, false, 40, true, NOW(), NOW());

-- Role Permissions mapping
INSERT INTO role_permissions (id, role_id, permission_id, conditions) VALUES ('4ff818f9-5de8-47f7-9d41-d4badc10d324', '81e7fca7-b074-4050-85d3-04aa6914272d', 'a51bc2fb-b41f-431d-a48f-ecca16a98b74', '{"scope": "ALL"}'::jsonb);
INSERT INTO role_permissions (id, role_id, permission_id, conditions) VALUES ('c7ac24b4-fc86-4986-b17b-1e1cf5bb69b1', '5ff57eb2-21c8-44bb-87e7-3c10a9f541a4', 'a51bc2fb-b41f-431d-a48f-ecca16a98b74', '{"scope": "ALL"}'::jsonb);
INSERT INTO role_permissions (id, role_id, permission_id, conditions) VALUES ('b0faddb6-b7ad-45f0-8aa4-8d6ba9fb2c17', '81e7fca7-b074-4050-85d3-04aa6914272d', '8541e12f-05fe-48d4-a51c-2d3be2a898f9', '{"scope": "ALL"}'::jsonb);
INSERT INTO role_permissions (id, role_id, permission_id, conditions) VALUES ('aba31c0c-5998-4f20-9ee1-6b662aab81d7', '5ff57eb2-21c8-44bb-87e7-3c10a9f541a4', '8541e12f-05fe-48d4-a51c-2d3be2a898f9', '{"scope": "ALL"}'::jsonb);
INSERT INTO role_permissions (id, role_id, permission_id, conditions) VALUES ('01ce1605-6018-4f0e-858e-afae343238ba', '81e7fca7-b074-4050-85d3-04aa6914272d', '6103de98-827a-49a4-82e8-e71540d1151c', '{"scope": "ALL"}'::jsonb);
INSERT INTO role_permissions (id, role_id, permission_id, conditions) VALUES ('31cc3491-d34b-4989-81ff-f201812142ce', '5ff57eb2-21c8-44bb-87e7-3c10a9f541a4', '6103de98-827a-49a4-82e8-e71540d1151c', '{"scope": "ALL"}'::jsonb);
INSERT INTO role_permissions (id, role_id, permission_id, conditions) VALUES ('b8eff2e2-cadb-46fc-9a95-8a6fa169e314', '81e7fca7-b074-4050-85d3-04aa6914272d', '1dd6c22c-4744-4059-97a1-95a6d932ddc1', '{"scope": "ALL"}'::jsonb);
INSERT INTO role_permissions (id, role_id, permission_id, conditions) VALUES ('49efaf00-8761-4356-9fe3-eb04a6fd0657', '5ff57eb2-21c8-44bb-87e7-3c10a9f541a4', '1dd6c22c-4744-4059-97a1-95a6d932ddc1', '{"scope": "ALL"}'::jsonb);
INSERT INTO role_permissions (id, role_id, permission_id, conditions) VALUES ('57c3f33a-3753-4663-8482-c387f7ff0f4b', '81e7fca7-b074-4050-85d3-04aa6914272d', '32c89cea-59d4-48e7-a3c2-ba6a65999f8d', '{"scope": "ALL"}'::jsonb);
INSERT INTO role_permissions (id, role_id, permission_id, conditions) VALUES ('1e3109a7-509d-4d02-b05f-d4b5c4b8a930', '5ff57eb2-21c8-44bb-87e7-3c10a9f541a4', '32c89cea-59d4-48e7-a3c2-ba6a65999f8d', '{"scope": "ALL"}'::jsonb);
INSERT INTO role_permissions (id, role_id, permission_id, conditions) VALUES ('89871c07-4dd5-4d95-bcbd-b869d42b9a6f', '81e7fca7-b074-4050-85d3-04aa6914272d', '52b9caba-1c58-44bc-89d6-aa13af87008d', '{"scope": "ALL"}'::jsonb);
INSERT INTO role_permissions (id, role_id, permission_id, conditions) VALUES ('81de1d31-1853-4ecb-adb5-3192b48896c1', '5ff57eb2-21c8-44bb-87e7-3c10a9f541a4', '52b9caba-1c58-44bc-89d6-aa13af87008d', '{"scope": "ALL"}'::jsonb);
INSERT INTO role_permissions (id, role_id, permission_id, conditions) VALUES ('3e27ec44-5501-4ea3-bae1-003ff6895a86', '81e7fca7-b074-4050-85d3-04aa6914272d', '8221c397-3c68-4327-8eaf-d551d721c2f0', '{"scope": "ALL"}'::jsonb);
INSERT INTO role_permissions (id, role_id, permission_id, conditions) VALUES ('ad21b20e-4b13-4607-9c4b-5bdb9dcf7f38', '5ff57eb2-21c8-44bb-87e7-3c10a9f541a4', '8221c397-3c68-4327-8eaf-d551d721c2f0', '{"scope": "ALL"}'::jsonb);
INSERT INTO role_permissions (id, role_id, permission_id, conditions) VALUES ('82f3158e-fca8-4081-92dd-b885e9c1e4c6', '81e7fca7-b074-4050-85d3-04aa6914272d', '1e9f4ed4-39ed-4b79-9731-300ec90aeb6f', '{"scope": "ALL"}'::jsonb);
INSERT INTO role_permissions (id, role_id, permission_id, conditions) VALUES ('d12c4bf9-2131-44d3-ae33-6bbc299101ff', '5ff57eb2-21c8-44bb-87e7-3c10a9f541a4', '1e9f4ed4-39ed-4b79-9731-300ec90aeb6f', '{"scope": "ALL"}'::jsonb);
INSERT INTO role_permissions (id, role_id, permission_id, conditions) VALUES ('51e8d27a-a3bd-4512-a032-b22c38b086c0', '81e7fca7-b074-4050-85d3-04aa6914272d', '1c74f212-f660-48f5-9ce9-b42d62dfaa64', '{"scope": "ALL"}'::jsonb);
INSERT INTO role_permissions (id, role_id, permission_id, conditions) VALUES ('67b3189d-69e8-44c9-846d-850e9d3c70c3', '5ff57eb2-21c8-44bb-87e7-3c10a9f541a4', '1c74f212-f660-48f5-9ce9-b42d62dfaa64', '{"scope": "ALL"}'::jsonb);
INSERT INTO role_permissions (id, role_id, permission_id, conditions) VALUES ('aca651e6-6f05-4b7c-93ce-a70e5480bb34', '32a752f0-3394-457c-8beb-78d7678c7f6d', 'a51bc2fb-b41f-431d-a48f-ecca16a98b74', '{"scope": "TEAM"}'::jsonb);
INSERT INTO role_permissions (id, role_id, permission_id, conditions) VALUES ('9667f896-cabd-45e9-b8b8-51f32ecdc9d6', '32a752f0-3394-457c-8beb-78d7678c7f6d', '8541e12f-05fe-48d4-a51c-2d3be2a898f9', '{"scope": "TEAM"}'::jsonb);
INSERT INTO role_permissions (id, role_id, permission_id, conditions) VALUES ('e154a4af-bd18-4a97-9b90-5900512a9803', '32a752f0-3394-457c-8beb-78d7678c7f6d', '6103de98-827a-49a4-82e8-e71540d1151c', '{"scope": "OWN"}'::jsonb);
INSERT INTO role_permissions (id, role_id, permission_id, conditions) VALUES ('8a0e896a-c112-401a-9115-bc92e0a91d62', '32a752f0-3394-457c-8beb-78d7678c7f6d', '32c89cea-59d4-48e7-a3c2-ba6a65999f8d', '{"scope": "TEAM"}'::jsonb);
INSERT INTO role_permissions (id, role_id, permission_id, conditions) VALUES ('54c7d174-1268-4a78-9525-559278588830', '073c9ffe-746c-428c-a899-4535279d6e39', '32c89cea-59d4-48e7-a3c2-ba6a65999f8d', '{"scope": "ALL"}'::jsonb);
INSERT INTO role_permissions (id, role_id, permission_id, conditions) VALUES ('1f27aedc-f525-4e0e-a0ce-85159fbff06e', '073c9ffe-746c-428c-a899-4535279d6e39', '52b9caba-1c58-44bc-89d6-aa13af87008d', '{"scope": "ALL"}'::jsonb);
INSERT INTO role_permissions (id, role_id, permission_id, conditions) VALUES ('8429ac39-6ccb-48e4-8783-23c43268daf7', '073c9ffe-746c-428c-a899-4535279d6e39', '8221c397-3c68-4327-8eaf-d551d721c2f0', '{"scope": "ALL"}'::jsonb);
INSERT INTO role_permissions (id, role_id, permission_id, conditions) VALUES ('3cd91675-e166-4ce8-9394-9bd2bbc796cc', '073c9ffe-746c-428c-a899-4535279d6e39', '1e9f4ed4-39ed-4b79-9731-300ec90aeb6f', '{"scope": "ALL"}'::jsonb);
INSERT INTO role_permissions (id, role_id, permission_id, conditions) VALUES ('ade20bea-b9ea-41d8-b2e2-8fa28f8a5691', '073c9ffe-746c-428c-a899-4535279d6e39', '1c74f212-f660-48f5-9ce9-b42d62dfaa64', '{"scope": "ALL"}'::jsonb);

-- Assign organization roles to users
INSERT INTO user_organization_roles (id, user_id, organization_id, role_id, is_primary, is_active, status, invited_at, joined_at, created_at, updated_at) VALUES ('9e3053a0-4489-4397-ba1a-8f749cb063c8', '0a003a03-5aea-4195-a2a6-e11df7240247', '761b216c-504e-4729-a390-d6a62d37d565', '81e7fca7-b074-4050-85d3-04aa6914272d', true, true, 'active', NOW(), NOW(), NOW(), NOW());
INSERT INTO user_organization_roles (id, user_id, organization_id, role_id, is_primary, is_active, status, invited_at, joined_at, created_at, updated_at) VALUES ('1a3352ad-a827-4b18-a2e6-3d114da0ce40', 'd6ea21cc-94ff-47d5-9d6b-1e8b0bf3d8a5', '761b216c-504e-4729-a390-d6a62d37d565', '5ff57eb2-21c8-44bb-87e7-3c10a9f541a4', true, true, 'active', NOW(), NOW(), NOW(), NOW());
INSERT INTO user_organization_roles (id, user_id, organization_id, role_id, is_primary, is_active, status, invited_at, joined_at, created_at, updated_at) VALUES ('3c4c0a4f-3264-4028-80d6-fc4d6fc12554', '61da8c82-5548-4806-ac8f-7a91ed328151', '761b216c-504e-4729-a390-d6a62d37d565', '32a752f0-3394-457c-8beb-78d7678c7f6d', true, true, 'active', NOW(), NOW(), NOW(), NOW());
INSERT INTO user_organization_roles (id, user_id, organization_id, role_id, is_primary, is_active, status, invited_at, joined_at, created_at, updated_at) VALUES ('f4c5d3b3-6267-4529-819c-29be7ffd7e75', 'efbcc110-4e0d-40d5-9af2-153b134cf673', '761b216c-504e-4729-a390-d6a62d37d565', '32a752f0-3394-457c-8beb-78d7678c7f6d', false, true, 'active', NOW(), NOW(), NOW(), NOW());
INSERT INTO user_organization_roles (id, user_id, organization_id, role_id, is_primary, is_active, status, invited_at, joined_at, created_at, updated_at) VALUES ('850df117-348e-46cd-837a-535cee97e07b', 'c6cf51fd-d4a3-4579-a1dd-556bb99096c1', '761b216c-504e-4729-a390-d6a62d37d565', '073c9ffe-746c-428c-a899-4535279d6e39', true, true, 'active', NOW(), NOW(), NOW(), NOW());

-- Customers
INSERT INTO customers (id, organization_id, customer_name, customer_code, email, phone, address, status, created_by, updated_by, created_at, updated_at) VALUES ('415f4bcf-faa1-491f-a967-947ed8d2e869', '761b216c-504e-4729-a390-d6a62d37d565', 'Customer 1', 'CUST-001', 'customer1@mail.local', '+91-9000000001', 'Address 1', 'active', '61da8c82-5548-4806-ac8f-7a91ed328151', '61da8c82-5548-4806-ac8f-7a91ed328151', NOW(), NOW());
INSERT INTO customers (id, organization_id, customer_name, customer_code, email, phone, address, status, created_by, updated_by, created_at, updated_at) VALUES ('ea165412-02b9-4a17-8528-848b44415a66', '761b216c-504e-4729-a390-d6a62d37d565', 'Customer 2', 'CUST-002', 'customer2@mail.local', '+91-9000000002', 'Address 2', 'active', '61da8c82-5548-4806-ac8f-7a91ed328151', '61da8c82-5548-4806-ac8f-7a91ed328151', NOW(), NOW());
INSERT INTO customers (id, organization_id, customer_name, customer_code, email, phone, address, status, created_by, updated_by, created_at, updated_at) VALUES ('13d64da0-a2a2-4b30-8ee2-3cb2c9ae19ce', '761b216c-504e-4729-a390-d6a62d37d565', 'Customer 3', 'CUST-003', 'customer3@mail.local', '+91-9000000003', 'Address 3', 'active', '61da8c82-5548-4806-ac8f-7a91ed328151', '61da8c82-5548-4806-ac8f-7a91ed328151', NOW(), NOW());
INSERT INTO customers (id, organization_id, customer_name, customer_code, email, phone, address, status, created_by, updated_by, created_at, updated_at) VALUES ('8684d35c-d0e9-4d2f-b8eb-85c2898d65d2', '761b216c-504e-4729-a390-d6a62d37d565', 'Customer 4', 'CUST-004', 'customer4@mail.local', '+91-9000000004', 'Address 4', 'active', '61da8c82-5548-4806-ac8f-7a91ed328151', '61da8c82-5548-4806-ac8f-7a91ed328151', NOW(), NOW());
INSERT INTO customers (id, organization_id, customer_name, customer_code, email, phone, address, status, created_by, updated_by, created_at, updated_at) VALUES ('db81df16-fc53-4d6a-9df9-d4125ce48f1d', '761b216c-504e-4729-a390-d6a62d37d565', 'Customer 5', 'CUST-005', 'customer5@mail.local', '+91-9000000005', 'Address 5', 'active', '61da8c82-5548-4806-ac8f-7a91ed328151', '61da8c82-5548-4806-ac8f-7a91ed328151', NOW(), NOW());
INSERT INTO customers (id, organization_id, customer_name, customer_code, email, phone, address, status, created_by, updated_by, created_at, updated_at) VALUES ('e85ca08f-7f0b-4d7e-8570-ba58d053bc3b', '761b216c-504e-4729-a390-d6a62d37d565', 'Customer 6', 'CUST-006', 'customer6@mail.local', '+91-9000000006', 'Address 6', 'active', '61da8c82-5548-4806-ac8f-7a91ed328151', '61da8c82-5548-4806-ac8f-7a91ed328151', NOW(), NOW());
INSERT INTO customers (id, organization_id, customer_name, customer_code, email, phone, address, status, created_by, updated_by, created_at, updated_at) VALUES ('c0a298d5-9f80-4ae7-9e11-a4e737b35594', '761b216c-504e-4729-a390-d6a62d37d565', 'Customer 7', 'CUST-007', 'customer7@mail.local', '+91-9000000007', 'Address 7', 'active', '61da8c82-5548-4806-ac8f-7a91ed328151', '61da8c82-5548-4806-ac8f-7a91ed328151', NOW(), NOW());
INSERT INTO customers (id, organization_id, customer_name, customer_code, email, phone, address, status, created_by, updated_by, created_at, updated_at) VALUES ('ba06f1c3-9fe7-40d7-a538-1c1ce6e69cd4', '761b216c-504e-4729-a390-d6a62d37d565', 'Customer 8', 'CUST-008', 'customer8@mail.local', '+91-9000000008', 'Address 8', 'active', '61da8c82-5548-4806-ac8f-7a91ed328151', '61da8c82-5548-4806-ac8f-7a91ed328151', NOW(), NOW());
INSERT INTO customers (id, organization_id, customer_name, customer_code, email, phone, address, status, created_by, updated_by, created_at, updated_at) VALUES ('07553d6c-5399-4f99-8bc7-ec6c0c4a24ba', '761b216c-504e-4729-a390-d6a62d37d565', 'Customer 9', 'CUST-009', 'customer9@mail.local', '+91-9000000009', 'Address 9', 'active', '61da8c82-5548-4806-ac8f-7a91ed328151', '61da8c82-5548-4806-ac8f-7a91ed328151', NOW(), NOW());
INSERT INTO customers (id, organization_id, customer_name, customer_code, email, phone, address, status, created_by, updated_by, created_at, updated_at) VALUES ('1ef2b88a-77a0-44e1-9af0-12ff4da18d05', '761b216c-504e-4729-a390-d6a62d37d565', 'Customer 10', 'CUST-010', 'customer10@mail.local', '+91-9000000010', 'Address 10', 'active', '61da8c82-5548-4806-ac8f-7a91ed328151', '61da8c82-5548-4806-ac8f-7a91ed328151', NOW(), NOW());

-- Invoices
INSERT INTO invoices (id, organization_id, invoice_no, invoice_date, due_date, invoice_type, status, customer_id, total_amount, tax_amount, discount_amount, total_paid, balance_due, currency, notes, created_by, updated_by, created_at, updated_at) VALUES ('a5921676-9336-4414-9e49-8930d02da7b2', '761b216c-504e-4729-a390-d6a62d37d565', 'INV-0001', NOW(), NOW() + INTERVAL '15 days', 'standard', 'open', '415f4bcf-faa1-491f-a967-947ed8d2e869', 14327.65, 2578.98, 0, 0, 16906.63, 'INR', 'Demo invoice', 'c6cf51fd-d4a3-4579-a1dd-556bb99096c1', 'c6cf51fd-d4a3-4579-a1dd-556bb99096c1', NOW(), NOW());
INSERT INTO invoices (id, organization_id, invoice_no, invoice_date, due_date, invoice_type, status, customer_id, total_amount, tax_amount, discount_amount, total_paid, balance_due, currency, notes, created_by, updated_by, created_at, updated_at) VALUES ('006f801a-a6c2-4220-855a-642c679eb536', '761b216c-504e-4729-a390-d6a62d37d565', 'INV-0002', NOW(), NOW() + INTERVAL '15 days', 'standard', 'open', '8684d35c-d0e9-4d2f-b8eb-85c2898d65d2', 6652.6, 1197.47, 0, 0, 7850.070000000001, 'INR', 'Demo invoice', 'c6cf51fd-d4a3-4579-a1dd-556bb99096c1', 'c6cf51fd-d4a3-4579-a1dd-556bb99096c1', NOW(), NOW());
INSERT INTO invoices (id, organization_id, invoice_no, invoice_date, due_date, invoice_type, status, customer_id, total_amount, tax_amount, discount_amount, total_paid, balance_due, currency, notes, created_by, updated_by, created_at, updated_at) VALUES ('1b9895d0-7cee-4053-9597-f9d662e0e752', '761b216c-504e-4729-a390-d6a62d37d565', 'INV-0003', NOW(), NOW() + INTERVAL '15 days', 'standard', 'open', 'e85ca08f-7f0b-4d7e-8570-ba58d053bc3b', 4819.77, 867.56, 0, 0, 5687.33, 'INR', 'Demo invoice', 'c6cf51fd-d4a3-4579-a1dd-556bb99096c1', 'c6cf51fd-d4a3-4579-a1dd-556bb99096c1', NOW(), NOW());
INSERT INTO invoices (id, organization_id, invoice_no, invoice_date, due_date, invoice_type, status, customer_id, total_amount, tax_amount, discount_amount, total_paid, balance_due, currency, notes, created_by, updated_by, created_at, updated_at) VALUES ('94445b63-d261-4384-a859-fc2c44a7f60e', '761b216c-504e-4729-a390-d6a62d37d565', 'INV-0004', NOW(), NOW() + INTERVAL '15 days', 'standard', 'open', '1ef2b88a-77a0-44e1-9af0-12ff4da18d05', 4311.77, 776.12, 0, 0, 5087.89, 'INR', 'Demo invoice', 'c6cf51fd-d4a3-4579-a1dd-556bb99096c1', 'c6cf51fd-d4a3-4579-a1dd-556bb99096c1', NOW(), NOW());
INSERT INTO invoices (id, organization_id, invoice_no, invoice_date, due_date, invoice_type, status, customer_id, total_amount, tax_amount, discount_amount, total_paid, balance_due, currency, notes, created_by, updated_by, created_at, updated_at) VALUES ('4166fcf7-659d-4fd8-826f-56c9d591eff1', '761b216c-504e-4729-a390-d6a62d37d565', 'INV-0005', NOW(), NOW() + INTERVAL '15 days', 'standard', 'open', '13d64da0-a2a2-4b30-8ee2-3cb2c9ae19ce', 19134.6, 3444.23, 0, 0, 22578.829999999998, 'INR', 'Demo invoice', 'c6cf51fd-d4a3-4579-a1dd-556bb99096c1', 'c6cf51fd-d4a3-4579-a1dd-556bb99096c1', NOW(), NOW());
INSERT INTO invoices (id, organization_id, invoice_no, invoice_date, due_date, invoice_type, status, customer_id, total_amount, tax_amount, discount_amount, total_paid, balance_due, currency, notes, created_by, updated_by, created_at, updated_at) VALUES ('4275046e-1d01-43f7-91cd-2e20637ecaa1', '761b216c-504e-4729-a390-d6a62d37d565', 'INV-0006', NOW(), NOW() + INTERVAL '15 days', 'standard', 'open', 'e85ca08f-7f0b-4d7e-8570-ba58d053bc3b', 7507.1, 1351.28, 0, 0, 8858.380000000001, 'INR', 'Demo invoice', 'c6cf51fd-d4a3-4579-a1dd-556bb99096c1', 'c6cf51fd-d4a3-4579-a1dd-556bb99096c1', NOW(), NOW());
INSERT INTO invoices (id, organization_id, invoice_no, invoice_date, due_date, invoice_type, status, customer_id, total_amount, tax_amount, discount_amount, total_paid, balance_due, currency, notes, created_by, updated_by, created_at, updated_at) VALUES ('03331472-4c50-447d-a5b0-86aa1613f4ef', '761b216c-504e-4729-a390-d6a62d37d565', 'INV-0007', NOW(), NOW() + INTERVAL '15 days', 'standard', 'open', 'db81df16-fc53-4d6a-9df9-d4125ce48f1d', 11969.15, 2154.45, 0, 0, 14123.599999999999, 'INR', 'Demo invoice', 'c6cf51fd-d4a3-4579-a1dd-556bb99096c1', 'c6cf51fd-d4a3-4579-a1dd-556bb99096c1', NOW(), NOW());
INSERT INTO invoices (id, organization_id, invoice_no, invoice_date, due_date, invoice_type, status, customer_id, total_amount, tax_amount, discount_amount, total_paid, balance_due, currency, notes, created_by, updated_by, created_at, updated_at) VALUES ('a1a2923f-fac6-4dab-a24c-082e189be1ea', '761b216c-504e-4729-a390-d6a62d37d565', 'INV-0008', NOW(), NOW() + INTERVAL '15 days', 'standard', 'open', 'e85ca08f-7f0b-4d7e-8570-ba58d053bc3b', 20665.96, 3719.87, 0, 0, 24385.829999999998, 'INR', 'Demo invoice', 'c6cf51fd-d4a3-4579-a1dd-556bb99096c1', 'c6cf51fd-d4a3-4579-a1dd-556bb99096c1', NOW(), NOW());
INSERT INTO invoices (id, organization_id, invoice_no, invoice_date, due_date, invoice_type, status, customer_id, total_amount, tax_amount, discount_amount, total_paid, balance_due, currency, notes, created_by, updated_by, created_at, updated_at) VALUES ('98d96325-f326-42c9-afe7-74b715d056fe', '761b216c-504e-4729-a390-d6a62d37d565', 'INV-0009', NOW(), NOW() + INTERVAL '15 days', 'standard', 'open', '1ef2b88a-77a0-44e1-9af0-12ff4da18d05', 3769.89, 678.58, 0, 0, 4448.47, 'INR', 'Demo invoice', 'c6cf51fd-d4a3-4579-a1dd-556bb99096c1', 'c6cf51fd-d4a3-4579-a1dd-556bb99096c1', NOW(), NOW());
INSERT INTO invoices (id, organization_id, invoice_no, invoice_date, due_date, invoice_type, status, customer_id, total_amount, tax_amount, discount_amount, total_paid, balance_due, currency, notes, created_by, updated_by, created_at, updated_at) VALUES ('8f1ce578-6f8c-40ad-bda2-67a8a1acc46a', '761b216c-504e-4729-a390-d6a62d37d565', 'INV-0010', NOW(), NOW() + INTERVAL '15 days', 'standard', 'open', 'c0a298d5-9f80-4ae7-9e11-a4e737b35594', 8729.73, 1571.35, 0, 0, 10301.08, 'INR', 'Demo invoice', 'c6cf51fd-d4a3-4579-a1dd-556bb99096c1', 'c6cf51fd-d4a3-4579-a1dd-556bb99096c1', NOW(), NOW());

-- Payments
INSERT INTO payments (id, organization_id, payment_no, payment_date, payment_type, status, customer_id, amount, payment_method, reference_no, created_by, updated_by, created_at, updated_at) VALUES ('754f07d1-ee74-4291-93f5-e1f72fc869f7', '761b216c-504e-4729-a390-d6a62d37d565', 'PAY-0001', NOW(), 'receipt', 'completed', 'ba06f1c3-9fe7-40d7-a538-1c1ce6e69cd4', 2005.02, 'bank_transfer', 'REF-000001', 'c6cf51fd-d4a3-4579-a1dd-556bb99096c1', 'c6cf51fd-d4a3-4579-a1dd-556bb99096c1', NOW(), NOW());
INSERT INTO payments (id, organization_id, payment_no, payment_date, payment_type, status, customer_id, amount, payment_method, reference_no, created_by, updated_by, created_at, updated_at) VALUES ('6cf602fd-962a-442c-886f-508345c21e2e', '761b216c-504e-4729-a390-d6a62d37d565', 'PAY-0002', NOW(), 'receipt', 'completed', '8684d35c-d0e9-4d2f-b8eb-85c2898d65d2', 1444.18, 'bank_transfer', 'REF-000002', 'c6cf51fd-d4a3-4579-a1dd-556bb99096c1', 'c6cf51fd-d4a3-4579-a1dd-556bb99096c1', NOW(), NOW());
INSERT INTO payments (id, organization_id, payment_no, payment_date, payment_type, status, customer_id, amount, payment_method, reference_no, created_by, updated_by, created_at, updated_at) VALUES ('56dd1477-95fc-4f25-ad89-e3e2fa2e9ac6', '761b216c-504e-4729-a390-d6a62d37d565', 'PAY-0003', NOW(), 'receipt', 'completed', 'db81df16-fc53-4d6a-9df9-d4125ce48f1d', 7571.59, 'bank_transfer', 'REF-000003', 'c6cf51fd-d4a3-4579-a1dd-556bb99096c1', 'c6cf51fd-d4a3-4579-a1dd-556bb99096c1', NOW(), NOW());
INSERT INTO payments (id, organization_id, payment_no, payment_date, payment_type, status, customer_id, amount, payment_method, reference_no, created_by, updated_by, created_at, updated_at) VALUES ('b7860099-d229-44ef-ad11-0e00c519ab2e', '761b216c-504e-4729-a390-d6a62d37d565', 'PAY-0004', NOW(), 'receipt', 'completed', '1ef2b88a-77a0-44e1-9af0-12ff4da18d05', 6591.49, 'bank_transfer', 'REF-000004', 'c6cf51fd-d4a3-4579-a1dd-556bb99096c1', 'c6cf51fd-d4a3-4579-a1dd-556bb99096c1', NOW(), NOW());
INSERT INTO payments (id, organization_id, payment_no, payment_date, payment_type, status, customer_id, amount, payment_method, reference_no, created_by, updated_by, created_at, updated_at) VALUES ('b4357c2a-960e-408e-8164-ce77b94b9980', '761b216c-504e-4729-a390-d6a62d37d565', 'PAY-0005', NOW(), 'receipt', 'completed', 'db81df16-fc53-4d6a-9df9-d4125ce48f1d', 9477.71, 'bank_transfer', 'REF-000005', 'c6cf51fd-d4a3-4579-a1dd-556bb99096c1', 'c6cf51fd-d4a3-4579-a1dd-556bb99096c1', NOW(), NOW());

COMMIT;